{
  "linear": {
    "test_r2_log": 0.5466740905348196
  },
  "ridge": {
    "test_r2_log": 0.545593333340243
  },
  "rf": {
    "test_r2_log": 0.5066705832153733
  },
  "xgb": {
    "cv_r2_log": 0.6145623746616474,
    "best_params": {
      "max_depth": 3,
      "n_estimators": 100
    }
  },
  "lgbm": {
    "cv_r2_log": 0.5947895176734167,
    "best_params": {
      "max_depth": -1,
      "n_estimators": 100
    }
  }
}