{
  "linear": {
    "test_r2_log": 0.591570843396346
  },
  "ridge": {
    "test_r2_log": 0.5945743764162547
  },
  "rf": {
    "test_r2_log": 0.7880395092538041
  },
  "xgb": {
    "cv_r2_log": 0.8923325312843585,
    "best_params": {
      "max_depth": 3,
      "n_estimators": 100
    }
  },
  "lgbm": {
    "cv_r2_log": 0.8820342685111199,
    "best_params": {
      "learning_rate": 0.1,
      "max_depth": 3,
      "n_estimators": 300
    }
  }
}