{
  "linear": {
    "r2": 0.5887529829530911
  },
  "ridge": {
    "r2": 0.5887529828526601
  },
  "random_forest": {
    "r2": 0.5596297281699634
  }
}